Flowcell,Lane,Barcode,DNASample,LibraryPrepID,FullSampleName
HFVKKDSX5,3,TTCCTGGA,BLANK,1,BLANK.1
HFVKKDSX5,3,ATTAATT,MB164.14,1,FFMM_Ab10-I_hom.1
HFVKKDSX5,3,ATTGGAT,MB164.17,1,FFMM_Ab10-I_hom.2
HFVKKDSX5,3,ACGTGTT,MB164.3,1,FFMM_Ab10-I_hom.3
HFVKKDSX5,3,CTCC,MB165.1,1,Ab10-I-Jal_het.1
HFVKKDSX5,3,TGCA,MB165.2,1,Ab10-I-Jal_het.2
HFVKKDSX5,3,ACTA,MB165.3,1,Ab10-I-Jal_het.3
HFVKKDSX5,3,CAGA,MB165.4,1,Ab10-I-Jal_het.4
HFVKKDSX5,3,AACT,MB165.5,1,Ab10-I-Jal_het.5
HFVKKDSX5,3,GCGT,MB166.1,1,Ab10-I-MMR_het.1
HFVKKDSX5,3,TGCGA,MB166.2,1,Ab10-I-MMR_het.2
HFVKKDSX5,3,CGAT,MB166.3,1,Ab10-I-MMR_het.3
HFVKKDSX5,3,CGCTT,MB166.4,1,Ab10-I-MMR_het.4
HFVKKDSX5,3,TCACC,MB166.5,1,Ab10-I-MMR_het.5
HFVKKDSX5,3,CTAGC,MB167.1,1,Ab10-II-Tel_het.1
HFVKKDSX5,3,ACAAA,MB167.2,1,Ab10-II-Tel_het.2
HFVKKDSX5,3,TTCTC,MB167.3,1,Ab10-II-Tel_het.3
HFVKKDSX5,3,AGCCC,MB167.4,1,Ab10-II-Tel_het.4
HFVKKDSX5,3,GTATT,MB167.5,1,Ab10-II-Tel_het.5
HFVKKDSX5,3,CTGTA,MB168.1,1,Ab10-II-MMR_het.1
HFVKKDSX5,3,ACCGT,MB168.2,1,Ab10-II-MMR_het.2
HFVKKDSX5,3,GTAA,MB168.3,1,Ab10-II-MMR_het.3
HFVKKDSX5,3,GGTTGT,MB168.4,1,Ab10-II-MMR_het.4
HFVKKDSX5,3,CCAGCT,MB168.5,1,Ab10-II-MMR_het.5
HFVKKDSX5,3,TTCAGA,MB169.1,1,Ab10-II-Sal_het.1
HFVKKDSX5,3,TAGGAA,MB169.2,1,Ab10-II-Sal_het.2
HFVKKDSX5,3,GCTCTA,MB169.3,1,Ab10-II-Sal_het.3
HFVKKDSX5,3,CCACAA,MB169.4,1,Ab10-II-Sal_het.4
HFVKKDSX5,3,GCTTA,MB169.5,1,Ab10-II-Sal_het.5
HFVKKDSX5,3,CTTCCA,MB170.1,1,Ab10-III-Cag_het.1
HFVKKDSX5,3,GAGATA,MB170.2,1,Ab10-III-Cag_het.2
HFVKKDSX5,3,ATGCCT,MB170.3,1,Ab10-III-Cag_het.3
HFVKKDSX5,3,TATTTTT,MB170.4,1,Ab10-III-Cag_het.4
HFVKKDSX5,3,CTTGCTT,MB170.5,1,Ab10-III-Cag_het.5
HFVKKDSX5,3,ATGAAAC,MB171.1,1,Ab10-III-Hui_het.1
HFVKKDSX5,3,AAAAGTT,MB171.2,1,Ab10-III-Hui_het.2
HFVKKDSX5,3,GAATTCA,MB171.3,1,Ab10-III-Hui_het.3
HFVKKDSX5,3,GAACTTC,MB171.4,1,Ab10-III-Hui_het.4
HFVKKDSX5,3,GGACCTA,MB171.5,1,Ab10-III-Hui_het.5
HFVKKDSX5,3,GTCGATT,MB172.1,1,Ab10-III-Gva_het.1
HFVKKDSX5,3,AACGCCT,MB172.2,1,Ab10-III-Gva_het.2
HFVKKDSX5,3,AATATGC,MB172.3,1,Ab10-III-Gva_het.3
HFVKKDSX5,3,ACGACTAC,MB172.4,1,Ab10-III-Gva_het.4
HFVKKDSX5,3,GGTGT,MB172.5,1,Ab10-III-Gva_het.5
HFVKKDSX5,3,TAGCATGC,MB173.1,1,Ab10-III-Oax_het.1
HFVKKDSX5,3,AGTGGA,MB173.2,1,Ab10-III-Oax_het.2
HFVKKDSX5,3,TAGGCCAT,MB173.3,1,Ab10-III-Oax_het.3
HFVKKDSX5,3,TGCAAGGA,MB173.4,1,Ab10-III-Oax_het.4
HFVKKDSX5,3,TGGTACGT,MB173.5,1,Ab10-III-Oax_het.5
HFVKKDSX5,3,TCTCAGTC,MB174.1,1,W23_N10.1
HFVKKDSX5,3,CCGGATAT,MB174.2,1,W23_N10.2
HFVKKDSX5,3,CGCCTTAT,MB174.3,1,W23_N10.3
HFVKKDSX5,3,AGGC,MB175.1,1,B73_K10L2.1
HFVKKDSX5,3,GGAAC,MB175.10,1,B73_K10L2.2
HFVKKDSX5,3,GTCAA,MB175.12,1,B73_K10L2.3
HFVKKDSX5,3,TAATA,MB175.13,1,B73_K10L2.4
HFVKKDSX5,3,GATC,MB175.2,1,B73_K10L2.5
HFVKKDSX5,3,TCAC,MB175.3,1,B73_K10L2.6
HFVKKDSX5,3,AGGAT,MB175.5,1,B73_K10L2.7
HFVKKDSX5,3,ATTGA,MB175.6,1,B73_K10L2.8
HFVKKDSX5,3,CATCT,MB175.7,1,B73_K10L2.9
HFVKKDSX5,3,CCTAC,MB175.8,1,B73_K10L2.10
HFVKKDSX5,3,GAGGA,MB175.9,1,B73_K10L2.11
HFVKKDSX5,3,TCGTT,MB176.11,1,B73_N10.1
HFVKKDSX5,3,ACCTAA,MB176.14,1,B73_N10.2
HFVKKDSX5,3,TACAT,MB176.4,1,B73_N10.3
HFVKKDSX5,3,CATCGT,MB179.10,1,B542C_L289_B-Chrom.1
HFVKKDSX5,3,CGCGGT,MB179.14,1,B542C_L289_B-Chrom.2
HFVKKDSX5,3,ATATGT,MB179.4,1,B542C_L289_B-Chrom.3
HFVKKDSX5,3,ATCGTA,MB179.6,1,B542C_L289_B-Chrom.4
HFVKKDSX5,3,CTATTA,MB180.1,1,B542C_L289.1
HFVKKDSX5,3,GCCAGT,MB180.2,1,B542C_L289.2
HFVKKDSX5,3,GGAAGA,MB180.3,1,B542C_L289.3
HFVKKDSX5,3,GTACTT,MB181.1,1,FFMM_B-Chrom.1
HFVKKDSX5,3,GTTGAA,MB181.2,1,FFMM_B-Chrom.2
HFVKKDSX5,3,TAACGA,MB181.3,1,FFMM_B-Chrom.3
HFVKKDSX5,3,TGGCTA,MB181.4,1,FFMM_B-Chrom.4
HFVKKDSX5,3,CATAAGT,MB182.1,1,FFMM.1
HFVKKDSX5,3,CGCTGAT,MB182.2,1,FFMM.2
HFVKKDSX5,3,CGGTAGA,MB182.3,1,FFMM.3
HFVKKDSX5,3,CTACGGA,MB183.1,1,NSL-2833_B-Chrom.1
HFVKKDSX5,3,GCGGAAT,MB183.2,1,NSL-2833_B-Chrom.2
HFVKKDSX5,3,TAGCGGA,MB183.3,1,NSL-2833_B-Chrom.3
HFVKKDSX5,3,TCGAAGA,MB184.2,1,NSL-2843_B-Chrom.1
HFVKKDSX5,3,TCTGTGA,MB186.1,1,PI-217409.1
HFVKKDSX5,3,TGCTGGA,MB186.2,1,PI-217409.2
HFVKKDSX5,3,AACCGAGA,MB186.3,1,PI-217409.3
HFVKKDSX5,3,ACAGGGAA,MB188.1,1,PI-444954.1
HFVKKDSX5,3,ACGTGGTA,MB188.2,1,PI-444954.2
HFVKKDSX5,3,CCATGGGT,MB188.3,1,PI-444954.3
HFVKKDSX5,3,CGCGGAGA,MB189.3,1,PI-483314_K10L2.1
HFVKKDSX5,3,CGTGTGGT,MB189.5,1,PI-483314_K10L2.2
HFVKKDSX5,3,GCTGTGGA,MB189.9,1,PI-483314_K10L2.3
HFVKKDSX5,3,GGATTGGT,MB190.1,1,PI-490921_B-Chrom.1
HFVKKDSX5,3,GTGAGGGT,MB190.2,1,PI-490921_B-Chrom.2
HFVKKDSX5,3,TATCGGGA,MB190.4,1,PI-490921_B-Chrom.3